"Topology","p2p"
"Transport","UDP"
"Responce heuristic","always"
"Packet Dropping","true"
,"Markov dropping","false"
,"Connection lose rate","0.08"
,"Reconnect rate","0.4"
,"Packet drop rate (if not markov)","0.5"
"Devices","3"
"This device:","2"
"Sent","31920"
"Received","730112"
"Requests sent","39"
"Requests received","58"
"Requests responded to","58"
"Packets dropped","1401"
"Generation time"
"2284","3292","4339","5386","6440","7510","8655","9672","10722","11765","12820","13832","14894","15976","17034","18088","19170","20200","21289","22302","23360","24404","25454","26511","27572","28622","29668","30676","31691","32740","33811","34868","35927","37004","38061","39126","40214","41558","42629","43643","44694","45747","46809","47855","48947","50005","51064","52126","53185","54249","55325","56403","57461","58552","59609","60679","61876","62889","63954","65014","66074","67438","68557","69589","70678","71788","72870","73933","75013","76073","77124","78195","79252","80584","81667","82694","83766","84828","85940","87048","88118","89229","90321","91398","92562","93625","94684","95760","96820","97909","98926","99975","101034","102093","103165","104511","105526","106592","107652","108708","109768","110860","111878","112961","114029","115127","116191","117250","118269","119398","120467","121577","122762","123906","124968","126056","127128","128335","129362","130399","131820","132855","134028","135076","136355","137488","138511","139541","140601","141666","142746","143967","145031","146096","147130","148194","149221","150288","151518","152742","153779","154844","155912","157269","158390","159412","160499","161792","162804","163819","164850","165915","166975","168044","169122","170153","171207","172288","173306","174373","175439","176504","177525","178592","179659","180728","181839","182869","183958","185239","186270","187348","188498","189522","190567","191637","192714","193817","194844","195909","196977","198061","199129","200162","201221","202238","203288","204363","205596","206632","207709","208829","209857","211048","212082","213150","214216","215286","216354","217443","218477","219554","220585","221710","222821","223838","225064","226098","227307","228339","229553","230631","231695","232763","233859","234934","236262","237332","238409","239899","240930","241949","243021","244095","245425","246496","247518","248591","249618","250902","251973","253043","254543","255624","256826","257868","259057","260092","261163","262190","263217","264322","265339","266372","267444","268461","269546","270616","271638","272727","273753","274773","275799","276981","278004","279056","280130","281170","282277","283569","284640","285685","286759","287789","289012","290291","291335","292411","293432","294516","295534","296606","297707","298725","299830","300853","301896","302977","304038","305187","306210","307367","308723","309745","310823","311841","312886","313974","315069","316108","317216","318252","319351","320375","321626","322658","323733","324794","325971","326992","328071","329105","330147","331235","332337","333427","334501","335526","336662","337710","339166","340250","341293","342757","343828","344923","345978","347009","348042","349130","350362","351438","352461","353567","354646","355686","356729","357878","358955","359973","361009","362030","363100","364119","365201","366222","367336","368848","369908","370988","372560","373644","374688","375858","377014","378056","379132","380165","381210","382299","383380","384402","385454","386658","387740","388758","389804","390942","391964","393065","394160","395233","396292","397347","398557","399643","400677","401761","402915","403936","405029","406060","407141","408223","409246","410312","411393","412478","413572","414653","415708","416806","417898","419047","420074","421571","422657","423781","424827","425855","427013","428152","429272","430346","432105","433217","434469","435664","436822","437917","439095","440137","441186","442240","443258","444349","445368","446406","447425","448470","449488","450525","451720","452819","453846","454996","456034","457118","458142","459250","460272","461297","462344","463644","464707","465756","466888","467946","469066","470089","471174","472225","473569","475080","476174","477204","478249","479939","481093","482197","483309","484415","485440","486475","487498","488636","489742","490846","491974","493020","494039","495089","496595","497646","498969","500001","501020","502044","503147","504169","505217","506302","507340","508360","509400","510422","511446","512466","513487","514663","515772","517128","518179","519281","520306","521353","522450","523476","524536","525559","526606","527646","528671","529761","530781","531870","532891","533972","534990","536412","537651","538700","539746","540796","541887","542914","544107","545202","546293","547388","548455","549480","550502","551555","552590","553681","554701","555818","556841","557940","559089","560171","561199","562307","563428","564553","565605","566697","567769","568811","569863","570953","571978","573158","574250","575339","576361","577407","578428","579450","580472","581496","582547","583583","584637","585741","586829","587853","588998","590208","591306","592359","593404","594440","595633","596707","597784","598968","600111","601301","602344","603469","604518","605760","606798","607905","608998","610075","611234","612398","613483","614670","615750","617010","618178","619199","620238","621321","622343","623393","624606","625688","626709","627799","628823","629912","630935","631959","632979","634024","635050","636166","637203","638249","639339","640365","641387","642476","643497","644566","645596","646684","647710","649576","650666","651710","652765","653944","654969","656142","657264","658287","659380","660421","661533","662569","663610","664708","665736","666834","667860","669259","670328","671363","672499","673529","674642","675670","676765","677788","678924","679953","681447","682474","683493","684552","685604","686698","687955","689002","690023","691100","692127","693225","694375","695468","696544","697593","698643","699664","700703","701874","702896","703954","705037","706268","707412","708457","709638","710774","711826","712908","713983","715149","716173","717211","718302","719327","720422","721443","722470","723495","724594","725684","726867","728098","729461","730578","731773","732965","734103","735383","736464","737828","739168","740261","741283","742374","743404","744452","745480","746500","747850","748891","750204","751296","752371","753470","754490","755528","756665","757686","758800","759828","760947","761983","763005","764041","765093","766127","767308","768377","769471","770496","771836","772859","773884","774980","776006","777655","779007","780027","781062","782161","783211","784258","785319","0","0","0","0","0","0","0","0","0","0","0","0","0","0","0","0","0","0","0","0","0","0","0","0","0","0","0","0","0","0","0","0","0","0","0","0","0","0","0","0","0","0","0","0","0","0","0","0","0","0","0","0","0","0","0","0","0","0","0","0","0","0","0","0","0","0","0","0","0","0","0","0","0","0","0","0","0","0","0","0","0","0","0","0","0","0","0","0","0","0","0","0","0","0","0","0","0","0","0","0","0","0","0","0","0","0","0","0","0","0","0","0","0","0","0","0","0","0","0","0","0","0","0","0","0","0","0","0","0","0","0","0","0","0","0","0","0","0","0","0","0","0","0","0","0","0","0","0","0","0","0","0","0","0","0","0","0","0","0","0","0","0","0","0","0","0","0","0","0","0","0","0","0","0","0","0","0","0","0","0","0","0","0","0","0","0","0","0","0","0","0","0","0","0","0","0","0","0","0","0","0","0","0","0","0","0","0","0","0","0","0","0","0","0","0","0","0","0","0","0","0","0","0","0","0","0","0","0","0","0","0","0","0","0","0","0","0","0","0","0","0","0","0","0","0","0","0","0","0","0","0","0","0","0","0","0","0","0","0","0","0","0","0","0","0","0","0","0","0","0","0","0","0","0","0","0","0","0","0","0","0","0","0","0","0","0","0","0","0","0","0","0","0","0","0","0","0","0","0","0","0","0","0","0","0","0","0","0","0","0","0","0","0","0","0","0","0","0","0","0","0","0","0","0","0","0","0","0","0","0","0","0","0","0","0","0","0","0","0","0","0","0","0","0","0","0","0","0","0","0","0","0","0","0","0","0","0","0","0","0","0","0","0","0","0","0","0","0","0","0","0","0","0","0","0","0","0","0","0","0","0","0","0","0","0","0","0","0","0","0","0","0","0","0","0","0","0","0","0","0","0","0","0","0","0","0","0","0","0","0","0","0","0","0","0","0","0","0","0","0","0","0","0","0","0","0","0","0","0","0","0","0","0","0","0","0","0","0","0","0","0","0","0","0","0","0","0","0","0","0","0","0","0","0","0","0","0","0","0","0","0","0","0","0","0","0","0","0","0","0","0","0","0","0","0","0","0","0","0","0","0","0","0"
"Device 0"
"1266","20232","20355","3931","20461","7289","7223","7886","60373","9871","20549","11894","12878","60452","14925","60550","60830","61044","61064","19956","22384","22483","23513","24047","61087","26132","61103","28070","29066","61133","31145","32931","33117","61136","35163","36213","61226","38203","39229","61248","61268","42280","43327","44255","45831","61280","61294","61305","61322","61336","51333","61354","53354","80457","80488","80560","80653","80688","80756","80826","80896","62476","63402","160806","65457","67103","161159","161166","69544","80970","71493","80999","81052","74680","161185","76612","161224","78562","161243","161281","161299","82651","161328","84703","85723","86646","87975","88946","161352","90743","91669","161384","93732","94718","161409","96782","97803","161437","99752","161464","161493","103564","161497","104871","161568","161589","107951","109175","109879","110873","111912","161624","113985","161647","115937","116970","161677","119569","161699","161741","161758","161806","124746","124996","161822","161853","161879","161920","130185","161935","161977","133658","134877","161991","162024","137576","162119","162154","162176","141225","142248","162220","162236","146003","201329","147877","148242","201342","150265","151393","152381","153313","155152","155347","157266","162277","158739","160484","161527","161576","162648","201386","201409","165598","167068","168082","169223","169597","171229","201460","201475","173602","201524","175653","201543","201603","178713","179774","181874","181999","201622","183887","185282","187396","321445","201685","321516","190072","201703","192178","201768","194366","201786","321641","197089","198204","199221","321758","202546","202579","203360","321867","321971","322070","207376","208404","209422","322168","322250","212400","213424","322272","322335","322443","322516","218589","322543","221617","221771","223037","223656","224676","322624","226724","228062","228976","322718","230736","322796","232777","322904","234817","322925","323014","323234","238919","323400","242394","242458","243019","244030","323487","323515","323595","323688","323778","323856","323883","252632","253462","323963","255312","324037","257356","324064","260223","261541","261571","324144","263913","264396","324231","266458","324414","324587","269533","324595","271579","324625","324705","274545","324776","324882","277618","324985","325068","281715","281790","325153","283705","325241","286016","287492","287962","325324","289707","325410","291819","292772","325425","325495","408692","296785","297797","298889","300349","342086","342179","304010","304119","304999","342264","307873","408719","408868","342358","311143","409071","409282","314052","315100","316132","317142","342442","319191","409629","321362","322826","323314","342533","409737","342619","328203","342705","342906","331177","342985","332440","409842","409949","335493","410061","337627","343010","339574","410164","341819","410267","410395","345057","346287","346736","410501","410609","410825","411042","411137","352814","354211","411233","411347","411459","411690","358989","411805","362202","362685","363340","364294","411909","412022","367541","368467","412239","370814","371513","412348","412459","374592","375511","376535","412578","378582","379612","412686","412794","382684","412901","413009","385751","386778","387760","413116","389762","413228","394261","422093","462619","410934","412129","462762","414692","414929","415727","422295","417880","462890","463020","420745","463140","422879","423930","424963","463159","427828","463290","463413","463430","431044","432053","434086","434153","435643","436072","463559","463697","463910","440160","441210","464040","464169","444635","464299","464429","464556","448304","449602","450489","451897","452922","464574","464689","464697","456524","458165","464729","459745","460642","462153","467214","467508","467768","467905","468078","468422","595298","595506","471297","472177","595688","595867","475104","596100","596429","478134","596595","596765","481124","482129","483243","596947","597276","597443","597608","597773","489834","490712","597942","598147","598367","598530","496147","598691","497577","598850","599027","500551","599279","503349","599449","599615","599777","506503","507610","599944","509573","510623","600111","600469","600635","600819","515717","600986","601147","518768","519807","601322","521846","522863","523893","601507","601740","526967","601912","602085","602250","530967","602628","602948","602980","537214","603148","562056","603320","603679","604019","566182","604479","604919","603495","571307","571370","603848","595200","596259","0","622849","622890","0","702563","702708","702929","703203","629075","0","0","654570","677508","677890","0","695135","0","0","0","725339","727746","0","0","0","0","737720","0","0","0","741824","0","756139","756159","757257","759324","759359","0","761109","0","0","764230","775921","0","778024","779111","0","0","0","0","0","0","0","0","0","0","0","0","0","0","0","0","0","0","0","0","0","0","0","0","0","0","0","0","0","0","0","0","0","0","0","0","0","0","0","0","0","0","0","0","0","0","0","0","0","0","0","0","0","0","0","0","0","0","0","0","0","0","0","0","0","0","0","0","0","0","0","0","0","0","0","0","0","0","0","0","0","0","0","0","0","0","0","0","0","0","0","0","0","0","0","0","0","0","0","0","0","0","0","0","0","0","0","0","0","0","0","0","0","0","0","0","0","0","0","0","0","0","0","0","0","0","0","0","0","0","0","0","0","0","0","0","0","0","0","0","0","0","0","0","0","0","0","0","0","0","0","0","0","0","0","0","0","0","0","0","0","0","0","0","0","0","0","0","0","0","0","0","0","0","0","0","0","0","0","0","0","0","0","0","0","0","0","0","0","0","0","0","0","0","0","0","0","0","0","0","0","0","0","0","0","0","0","0","0","0","0","0","0","0","0","0","0","0","0","0","0","0","0","0","0","0","0","0","0","0","0","0","0","0","0","0","0","0","0","0","0","0","0","0","0","0","0","0","0","0","0","0","0","0","0","0","0","0","0","0","0","0","0","0","0","0","0","0","0","0","0","0","0","0","0","0","0","0","0","0","0","0","0","0","0","0","0","0","0","0","0","0","0","0","0","0","0","0","0","0","0","0","0","0","0","0","0","0","0","0","0","0","0","0","0","0","0","0","0","0","0","0","0","0","0","0","0","0","0","0","0","0","0","0","0","0","0","0","0","0","0","0","0","0","0","0","0","0","0","0","0","0","0","0","0","0","0","0","0","0","0","0","0","0","0","0","0","0","0","0","0","0","0","0","0","0","0","0","0","0","0","0","0","0","0","0","0","0","0","0","0","0","0","0","0","0","0","0","0","0","0","0","0","0","0","0","0","0","0","0","0","0","0","0","0","0","0","0","0","0","0","0","0","0","0","0","0","0","0","0","0","0","0","0","0","0","0","0","0","0","0","0","0","0","0","0","0","0","0","0","0","0","0","0","0","0","0","0","0","0","0","0","0","0","0","0","0","0","0","0","0","0","0","0","0","0","0","0","0","0","0","0","0","0","0","0","0","0","0","0","0","0","0","0","0","0","0","0","0","0","0","0","0","0","0","0","0","0","0","0","0","0","0","0","0","0","0","0","0","0","0","0","0","0","0","0","0","0","0","0","0","0","0","0","0","0","0","0","0","0","0","0","0","0","0","0","0","0","0","0","0","0","0","0","0","0","0","0","0","0","0","0","0","0","0","0","0","0","0","0","0","0","0","0","0","0","0","0","0","0","0","0","0","0","0","0","0","0","0","0","0","0","0","0","0","0","0","0","0","0","0","0","0","0","0","0","0","0","0","0","0","0","0","0","0","0","0","0","0","0","0","0","0","0","0","0","0","0","0","0"
"Device 1"
"20559","20573","3723","20582","20599","20616","7710","20625","20652","10773","20662","20677","20692","14866","20789","16912","17843","20792","19884","21928","21978","81085","23976","25002","81096","61368","27973","28999","61393","61407","81117","61422","34024","35032","61439","61457","38091","39150","40083","42233","42357","61473","44297","81134","81157","61488","48257","61502","81177","51256","52482","61515","81197","55446","81210","81238","81251","81271","61553","61568","62498","63483","64526","81274","81277","81373","81388","69616","70574","71570","72573","81406","81428","75688","76669","81445","81467","79665","81686","81709","82712","162290","162346","162396","162402","162427","88902","162469","91079","162486","162528","162543","95053","162587","162603","97984","201848","100061","201868","201932","201950","104151","105181","202014","202065","202090","109225","110307","111321","112346","202139","114396","202153","116315","117313","118363","202194","121463","121515","122481","202217","202279","202327","127233","202471","128727","202498","202557","202562","132728","133740","134770","136343","202629","137765","202639","202685","202706","202759","142851","202778","202827","145951","146970","147937","149007","150144","202843","202884","202904","154131","202947","156130","157347","202970","203021","203038","162336","162361","163347","164365","203090","166416","203105","168471","203146","203169","171442","203220","343100","343192","343265","176575","177648","343289","343376","343468","343632","343725","183822","184810","187173","343813","343922","344007","344088","344188","192122","344277","344369","344448","344478","344562","344659","199302","200315","202353","202480","344748","204355","344855","344959","207430","208450","209482","210550","211574","345072","345169","214586","215678","345276","217721","218883","219864","221922","222423","345373","223962","345505","225913","226894","345599","345693","230006","345792","232058","345877","345897","235088","346094","346117","238195","239218","240217","346201","346306","243259","346324","346419","413335","413513","248396","249462","413758","251528","413870","414059","414095","255576","414239","257627","258675","259704","261848","261911","414344","414454","264820","414548","414578","267891","269022","269939","414815","272000","415039","415263","275066","276565","415376","278110","279149","422415","422530","422640","283351","284381","422759","286439","287448","288476","422999","290437","291529","423112","293556","294734","295618","296682","297811","298753","299838","301901","302034","302929","303936","304959","307282","307561","308265","423226","310082","311009","423344","423450","314437","423570","423678","423778","318276","423813","320326","423945","322365","323417","324513","424047","326461","327492","424072","329452","424188","424300","424476","424595","424696","424721","424840","424981","425099","339726","341642","425214","342808","425329","344841","345994","425496","347968","349093","425532","351041","352064","425699","425855","355134","425993","426117","358173","426238","360372","426345","426463","363324","364722","365355","367330","368037","426568","426599","370602","371654","426709","426893","374662","375591","427013","427137","427248","427277","427487","427849","382899","383805","384937","428107","387281","387928","428115","390046","464888","465016","393333","394150","395251","465148","397335","465339","399440","465469","465599","402444","403466","404532","405422","465728","407473","465868","409504","410718","411589","465998","413635","415152","466086","466209","417804","418825","419853","421864","422109","466216","466245","466374","427449","427994","428143","466506","430242","466633","466654","466767","466930","435747","467091","437573","438487","439430","441560","441866","467229","467490","467639","445779","446628","447637","448679","467786","467928","451777","452833","453807","466797","468281","456921","467069","458981","460000","462061","462231","467363","604193","604734","605096","468299","468450","469267","470294","605436","605613","473508","605783","606025","476701","606200","606370","479698","606546","606709","606890","483769","484773","485812","607079","487809","607254","489955","490897","491955","607953","608498","495014","608530","497165","608874","499123","500142","502242","502612","503307","609056","505375","506479","609227","508450","509507","609260","511570","512727","609450","609799","610018","516730","610227","610400","610752","610930","611088","611115","524130","525021","526042","527019","611375","611572","611750","611929","612107","533222","534347","535374","536381","612280","538328","539452","612466","612843","542524","613040","544575","613213","613400","613649","548607","703402","550723","703603","552767","553817","554765","703810","704019","704439","558910","559935","561987","562077","563108","704641","704849","705057","567203","568233","705479","705690","571340","705967","706174","706384","575500","706612","577472","578497","579519","706813","707019","582616","707225","707655","707865","708070","587903","588913","589938","590977","591983","593010","594032","595059","708405","597109","708619","708841","600279","602443","602796","605261","709050","709253","607461","608278","608704","609629","610578","709749","612661","709970","614660","710180","616703","617690","618822","710386","710596","710805","622786","711014","711045","625865","711258","711469","711680","629983","631196","711890","633082","634105","635132","636180","712114","712327","712533","712744","712961","713270","643522","713498","713704","713919","647603","648713","722563","722708","722920","652745","723133","654685","723345","723566","723799","724012","724227","724441","724661","724890","725104","725556","725775","667414","668045","669230","726418","671296","672275","726639","726856","727080","727310","677434","727778","679618","680459","728079","728443","728678","728897","685617","686675","729117","729336","729558","690640","729789","692813","730006","694802","695929","730529","697973","699010","730760","702062","702112","731219","704236","705278","731440","707437","731659","709465","731943","732180","732396","732620","732839","715580","733083","733612","733838","734060","720546","722079","0","0","0","726199","0","0","0","730308","730998","0","733319","0","735144","736211","0","0","0","0","0","0","0","744465","0","0","0","748500","0","750488","0","752653","0","754608","755809","756747","757790","0","0","0","0","0","0","0","766093","767118","0","0","770275","771080","772046","0","0","0","776238","777449","778352","0","0","0","0","0","0","0","0","0","0","0","0","0","0","0","0","0","0","0","0","0","0","0","0","0","0","0","0","0","0","0","0","0","0","0","0","0","0","0","0","0","0","0","0","0","0","0","0","0","0","0","0","0","0","0","0","0","0","0","0","0","0","0","0","0","0","0","0","0","0","0","0","0","0","0","0","0","0","0","0","0","0","0","0","0","0","0","0","0","0","0","0","0","0","0","0","0","0","0","0","0","0","0","0","0","0","0","0","0","0","0","0","0","0","0","0","0","0","0","0","0","0","0","0","0","0","0","0","0","0","0","0","0","0","0","0","0","0","0","0","0","0","0","0","0","0","0","0","0","0","0","0","0","0","0","0","0","0","0","0","0","0","0","0","0","0","0","0","0","0","0","0","0","0","0","0","0","0","0","0","0","0","0","0","0","0","0","0","0","0","0","0","0","0","0","0","0","0","0","0","0","0","0","0","0","0","0","0","0","0","0","0","0","0","0","0","0","0","0","0","0","0","0","0","0","0","0","0","0","0","0","0","0","0","0","0","0","0","0","0","0","0","0","0","0","0","0","0","0","0","0","0","0","0","0","0","0","0","0","0","0","0","0","0","0","0","0","0","0","0","0","0","0","0","0","0","0","0","0","0","0","0","0","0","0","0","0","0","0","0","0","0","0","0","0","0","0","0","0","0","0","0","0","0","0","0","0","0","0","0","0","0","0","0","0","0","0","0","0","0","0","0","0","0","0","0","0","0","0","0","0","0","0","0","0","0","0","0","0","0","0","0","0","0","0","0","0","0","0","0","0","0","0","0","0","0","0","0","0","0","0","0","0","0","0","0","0","0","0","0","0","0","0","0","0","0","0","0","0","0","0","0","0","0","0","0","0","0","0","0","0","0","0","0","0","0","0","0","0","0","0","0","0","0","0","0","0","0","0","0","0","0","0","0","0","0","0","0","0","0","0","0","0","0","0","0","0","0","0","0","0","0","0","0","0","0","0","0","0","0","0","0"
"Device 2"
"2284","3293","4340","5387","6440","7511","8655","9673","10722","11767","12820","13832","14894","15977","17034","18090","19170","20201","21289","22302","23360","24404","25455","26512","27572","28622","29668","30676","31692","32741","33815","34869","35929","37005","38061","39130","40214","41559","42630","43644","44695","45748","46809","47855","48947","50007","51066","52127","53186","54249","55326","56403","57462","58552","59609","60680","61877","62889","63956","65014","66074","67439","68558","69590","70679","71791","72871","73933","75013","76074","77125","78197","79252","80584","81667","82696","83767","84829","85942","87049","88120","89230","90322","91401","92563","93626","94685","95761","96821","97910","98928","99977","101035","102094","103166","104511","105527","106592","107652","108710","109770","110860","111879","112961","114030","115130","116192","117251","118269","119402","120468","121577","122762","123907","124969","126057","127129","128335","129362","130400","131821","132857","134030","135076","136356","137488","138511","139541","140601","141669","142750","143968","145032","146096","147131","148194","149221","150290","151519","152742","153779","154844","155913","157269","158390","159413","160500","161793","162805","163820","164851","165916","166976","168045","169122","170154","171207","172288","173306","174374","175446","176505","177526","178592","179660","180730","181840","182870","183959","185239","186271","187349","188498","189522","190569","191637","192719","193817","194845","195910","196978","198062","199130","200162","201221","202238","203288","204364","205596","206632","207710","208829","209858","211048","212082","213150","214216","215286","216355","217443","218478","219554","220585","221711","222821","223840","225064","226100","227307","228340","229554","230631","231696","232772","233860","234935","236262","237332","238410","239899","240930","241949","243022","244096","245425","246496","247519","248591","249619","250902","251973","253043","254544","255626","256826","257870","259057","260092","261164","262190","263218","264322","265339","266373","267444","268462","269546","270616","271638","272727","273753","274773","275802","276981","278005","279057","280130","281172","282277","283570","284640","285686","286759","287790","289012","290292","291336","292412","293433","294516","295534","296606","297707","298727","299830","300853","301897","302977","304039","305188","306212","307367","308724","309746","310824","311841","312887","313974","315069","316109","317216","318252","319351","320378","321626","322658","323733","324794","325971","326992","328071","329105","330147","331236","332338","333428","334501","335527","336663","337713","339166","340250","341294","342757","343828","344923","345978","347009","348042","349130","350363","351438","352462","353568","354647","355687","356730","357879","358955","359973","361009","362031","363100","364120","365201","366223","367336","368848","369909","370989","372561","373644","374690","375859","377015","378057","379133","380165","381212","382300","383380","384402","385454","386660","387740","388759","389804","390942","391966","393066","394160","395233","396292","397348","398558","399643","400679","401762","402915","403937","405029","406061","407141","408223","409247","410313","411394","412478","413572","414653","415709","416807","417899","419047","420075","421571","422657","423782","424828","425855","427013","428152","429272","430347","432105","433217","434470","435664","436823","437917","439095","440137","441186","442240","443259","444349","445369","446407","447426","448471","449488","450525","451721","452819","453846","454996","456034","457118","458143","459250","460273","461298","462345","463644","464707","465756","466888","467946","469066","470089","471174","472226","473570","475080","476174","477204","478250","479939","481094","482198","483311","484415","485440","486475","487499","488636","489742","490846","491974","493020","494039","495090","496595","497646","498969","500001","501021","502045","503147","504169","505218","506302","507340","508360","509401","510422","511446","512467","513487","514664","515773","517128","518180","519281","520306","521354","522451","523476","524536","525559","526606","527647","528672","529761","530782","531870","532891","533972","534991","536412","537651","538700","539747","540797","541887","542914","544107","545202","546294","547389","548455","549480","550503","551555","552591","553681","554702","555818","556841","557941","559089","560171","561200","562307","563429","564554","565606","566697","567769","568812","569863","570953","571978","573159","574252","575340","576362","577407","578428","579450","580473","581496","582548","583584","584639","585742","586829","587854","588999","590209","591306","592359","593404","594440","595633","596707","597784","598968","600111","601301","602344","603469","604518","605760","606798","607905","608998","610075","611234","612398","613483","614670","615750","617015","618178","619199","620239","621321","622343","623393","624607","625688","626710","627799","628824","629912","630935","631959","632979","634024","635051","636166","637203","638250","639339","640365","641388","642476","643498","644566","645596","646684","647712","649576","650667","651710","652766","653944","654970","656143","657264","658289","659380","660422","661533","662570","663611","664708","665737","666834","667860","669259","670328","671364","672500","673529","674642","675670","676765","677789","678925","679954","681447","682474","683494","684552","685604","686698","687955","689002","690024","691101","692127","693225","694375","695468","696544","697593","698643","699664","700704","701874","702896","703955","705038","706268","707412","708457","709638","710774","711826","712908","713984","715150","716174","717211","718303","719328","720422","721444","722471","723495","724594","725685","726867","728098","729461","730578","731774","732965","734103","735384","736464","737829","739169","740261","741283","742375","743405","744452","745480","746500","747850","748891","750204","751296","752371","753470","754490","755528","756665","757687","758800","759829","760947","761983","763005","764042","765093","766128","767308","768378","769471","770497","771836","772859","773884","774980","776006","777656","779007","780028","781062","782161","783211","784258","785319","0","0","0","0","0","0","0","0","0","0","0","0","0","0","0","0","0","0","0","0","0","0","0","0","0","0","0","0","0","0","0","0","0","0","0","0","0","0","0","0","0","0","0","0","0","0","0","0","0","0","0","0","0","0","0","0","0","0","0","0","0","0","0","0","0","0","0","0","0","0","0","0","0","0","0","0","0","0","0","0","0","0","0","0","0","0","0","0","0","0","0","0","0","0","0","0","0","0","0","0","0","0","0","0","0","0","0","0","0","0","0","0","0","0","0","0","0","0","0","0","0","0","0","0","0","0","0","0","0","0","0","0","0","0","0","0","0","0","0","0","0","0","0","0","0","0","0","0","0","0","0","0","0","0","0","0","0","0","0","0","0","0","0","0","0","0","0","0","0","0","0","0","0","0","0","0","0","0","0","0","0","0","0","0","0","0","0","0","0","0","0","0","0","0","0","0","0","0","0","0","0","0","0","0","0","0","0","0","0","0","0","0","0","0","0","0","0","0","0","0","0","0","0","0","0","0","0","0","0","0","0","0","0","0","0","0","0","0","0","0","0","0","0","0","0","0","0","0","0","0","0","0","0","0","0","0","0","0","0","0","0","0","0","0","0","0","0","0","0","0","0","0","0","0","0","0","0","0","0","0","0","0","0","0","0","0","0","0","0","0","0","0","0","0","0","0","0","0","0","0","0","0","0","0","0","0","0","0","0","0","0","0","0","0","0","0","0","0","0","0","0","0","0","0","0","0","0","0","0","0","0","0","0","0","0","0","0","0","0","0","0","0","0","0","0","0","0","0","0","0","0","0","0","0","0","0","0","0","0","0","0","0","0","0","0","0","0","0","0","0","0","0","0","0","0","0","0","0","0","0","0","0","0","0","0","0","0","0","0","0","0","0","0","0","0","0","0","0","0","0","0","0","0","0","0","0","0","0","0","0","0","0","0","0","0","0","0","0","0","0","0","0","0","0","0","0","0","0","0","0","0","0","0","0","0","0","0","0","0","0","0","0","0","0","0","0","0","0","0","0","0","0","0","0","0","0","0","0","0","0","0","0","0","0","0","0","0","0","0","0","0","0","0","0","0","0","0","0","0","0","0","0","0"
"Request sizes"
"0","0","0","0","0","0","0","0","0","0","0","0","0","0","0","0","22","0","0","0","0","0","0","0","0","0","0","0","0","0","0","0","0","0","0","20","0","0","0","0","0","0","0","0","0","0","0","0","0","0","0","0","0","0","36","0","0","0","0","0","0","0","0","0","0","0","0","0","0","0","0","0","35","0","0","0","0","0","0","0","0","0","0","0","0","0","0","0","0","0","0","25","0","0","0","0","0","0","0","0","0","0","0","0","0","0","0","0","0","41","0","0","0","0","0","0","0","0","0","0","0","0","0","0","0","0","0","62","0","0","0","0","0","0","0","0","0","0","0","0","0","0","0","0","0","0","80","0","0","0","0","0","0","0","0","0","0","0","0","0","0","0","0","0","0","48","0","0","0","0","0","0","0","0","0","0","0","0","0","0","0","0","0","72","0","0","0","0","0","0","0","0","0","0","0","0","0","0","0","0","0","0","38","0","0","0","0","0","0","0","0","0","0","0","0","0","0","0","0","0","55","0","0","0","0","0","0","0","0","0","0","0","0","0","0","0","0","77","0","0","0","0","0","0","0","0","0","0","0","0","0","0","0","0","0","0","94","0","0","0","0","0","0","0","0","0","0","0","0","0","0","0","0","0","0","109","0","0","0","0","0","0","0","0","0","0","0","0","0","0","0","0","0","125","0","0","0","0","0","0","0","0","0","0","0","0","0","0","0","0","0","99","0","0","0","0","0","0","0","0","0","0","0","0","0","0","0","0","0","0","71","0","0","0","0","0","0","0","0","0","0","0","0","0","0","0","0","0","84","0","0","0","0","0","0","0","0","0","0","0","0","0","0","0","0","0","0","102","0","0","0","0","0","0","0","0","0","0","0","0","0","0","0","0","0","65","0","0","0","0","0","0","0","0","0","0","0","0","0","0","0","0","32","0","0","0","0","0","0","0","0","0","0","0","0","0","0","0","0","0","0","49","0","0","0","0","0","0","0","0","0","0","0","0","0","0","0","0","17","0","0","0","0","0","0","0","0","0","0","0","0","0","0","0","0","0","0","38","0","0","0","0","0","0","0","0","0","0","0","0","0","0","0","0","0","56","0","0","0","0","0","0","0","0","0","0","0","0","0","0","0","0","0","0","76","0","0","0","0","0","0","0","0","0","0","0","0","0","0","0","0","0","88","0","0","0","0","0","0","0","0","0","0","0","0","0","0","0","0","0","0","103","0","0","0","0","0","0","0","0","0","0","0","0","0","0","0","0","0","77","0","0","0","0","0","0","0","0","0","0","0","0","0","0","0","0","0","28","0","0","0","0","0","0","0","0","0","0","0","0","0","0","0","0","0","0","43","0","0","0","0","0","0","0","0","0","0","0","0","0","0","0","0","0","58","0","0","0","0","0","0","0","0","0","0","0","0","0","0","0","0","0","75","0","0","0","0","0","0","0","0","0","0","0","0","0","0","0","0","0","0","87","0","0","0","0","0","0","0","0","0","0","0","0","0","0","0","0","0","49","0","0","0","0","0","0","0","0","0","0","0","0","0","0","0","0","0","23","0","0","0","0","0","0","0","0","0","0","0","0","0","0","0","0","0","38","0","0","0","0","0","0","0","0","0","0","0","0","0","0","0","0","0","53","0","0","0","0","0","0","0","0","0","0","0","0","0","0","0","0","0","0","0","0","0","0","0","0","0","0","0","0","0","0","0","0","0","0","0","0","0","0","0","0","0","0","0","0","0","0","0","0","0","0","0","0","0","0","0","0","0","0","0","0","0","0","0","0","0","0","0","0","0","0","0","0","0","0","0","0","0","0","0","0","0","0","0","0","0","0","0","0","0","0","0","0","0","0","0","0","0","0","0","0","0","0","0","0","0","0","0","0","0","0","0","0","0","0","0","0","0","0","0","0","0","0","0","0","0","0","0","0","0","0","0","0","0","0","0","0","0","0","0","0","0","0","0","0","0","0","0","0","0","0","0","0","0","0","0","0","0","0","0","0","0","0","0","0","0","0","0","0","0","0","0","0","0","0","0","0","0","0","0","0","0","0","0","0","0","0","0","0","0","0","0","0","0","0","0","0","0","0","0","0","0","0","0","0","0","0","0","0","0","0","0","0","0","0","0","0","0","0","0","0","0","0","0","0","0","0","0","0","0","0","0","0","0","0","0","0","0","0","0","0","0","0","0","0","0","0","0","0","0","0","0","0","0","0","0","0","0","0","0","0","0","0","0","0","0","0","0","0","0","0","0","0","0","0","0","0","0","0","0","0","0","0","0","0","0","0","0","0","0","0","0","0","0","0","0","0","0","0","0","0","0","0","0","0","0","0","0","0","0","0","0","0","0","0","0","0","0","0","0","0","0","0","0","0","0","0","0","0","0","0","0","0","0","0","0","0","0","0","0","0","0","0","0","0","0","0","0","0","0","0","0","0","0","0","0","0","0","0","0","0","0","0","0","0","0","0","0","0","0","0","0","0","0","0","0","0","0","0","0","0","0","0","0","0","0","0","0","0","0","0","0","0","0","0","0","0","0","0","0","0","0","0","0","0","0","0","0","0","0","0","0","0","0","0","0","0","0","0","0","0","0","0","0","0","0","0","0","0","0","0","0","0","0","0","0","0","0","0","0","0","0","0","0","0","0","0","0","0","0","0","0","0","0","0","0","0","0","0","0","0","0","0","0","0","0","0","0","0","0","0","0","0","0","0","0","0","0","0","0","0","0","0","0","0","0","0"
